[{"created_at":"Mon Mar 28 03:47:29 +0000 2016","id":714297833453531137,"id_str":"714297833453531137","text":"Ut commodo felis tellus, eu placerat mi luctus ac. Nam egestas velit ut leo \nhttps:\/\/t.co\/MyOS8dcqdn","entities":{"hashtags":[],"symbols":[],"user_mentions":[],"urls":[{"url":"https:\/\/t.co\/MyOS8dcqdn","expanded_url":"http:\/\/goo.gl\/vW6tiB","display_url":"goo.gl\/vW6tiB","indices":[77,100]}]},"truncated":false,"source":"\u003ca href=\"http:\/\/twitter.com\" rel=\"nofollow\"\u003eTwitter Web Client\u003c\/a\u003e","in_reply_to_status_id":null,"in_reply_to_status_id_str":null,"in_reply_to_user_id":null,"in_reply_to_user_id_str":null,"in_reply_to_screen_name":null,"user":{"id":714128715618263040,"id_str":"714128715618263040","name":"themesflat","screen_name":"themesflat","location":"","description":"","url":null,"entities":{"description":{"urls":[]}},"protected":false,"followers_count":1,"friends_count":3,"listed_count":0,"created_at":"Sun Mar 27 16:35:28 +0000 2016","favourites_count":0,"utc_offset":null,"time_zone":null,"geo_enabled":false,"verified":false,"statuses_count":2,"lang":"vi","contributors_enabled":false,"is_translator":false,"is_translation_enabled":false,"profile_background_color":"F5F8FA","profile_background_image_url":null,"profile_background_image_url_https":null,"profile_background_tile":false,"profile_image_url":"http:\/\/abs.twimg.com\/sticky\/default_profile_images\/default_profile_4_normal.png","profile_image_url_https":"https:\/\/abs.twimg.com\/sticky\/default_profile_images\/default_profile_4_normal.png","profile_link_color":"2B7BB9","profile_sidebar_border_color":"C0DEED","profile_sidebar_fill_color":"DDEEF6","profile_text_color":"333333","profile_use_background_image":true,"has_extended_profile":false,"default_profile":true,"default_profile_image":true,"following":false,"follow_request_sent":false,"notifications":false},"geo":null,"coordinates":null,"place":null,"contributors":null,"is_quote_status":false,"retweet_count":0,"favorite_count":1,"favorited":false,"retweeted":false,"possibly_sensitive":false,"lang":"en"},{"created_at":"Mon Mar 28 03:45:02 +0000 2016","id":714297217356423168,"id_str":"714297217356423168","text":"@themesflat \nhttps:\/\/t.co\/MyOS8dcqdn","entities":{"hashtags":[],"symbols":[],"user_mentions":[{"screen_name":"themesflat","name":"themesflat","id":714128715618263040,"id_str":"714128715618263040","indices":[0,11]}],"urls":[{"url":"https:\/\/t.co\/MyOS8dcqdn","expanded_url":"http:\/\/goo.gl\/vW6tiB","display_url":"goo.gl\/vW6tiB","indices":[13,36]}]},"truncated":false,"source":"\u003ca href=\"http:\/\/twitter.com\" rel=\"nofollow\"\u003eTwitter Web Client\u003c\/a\u003e","in_reply_to_status_id":714131384776859648,"in_reply_to_status_id_str":"714131384776859648","in_reply_to_user_id":714128715618263040,"in_reply_to_user_id_str":"714128715618263040","in_reply_to_screen_name":"themesflat","user":{"id":714128715618263040,"id_str":"714128715618263040","name":"themesflat","screen_name":"themesflat","location":"","description":"","url":null,"entities":{"description":{"urls":[]}},"protected":false,"followers_count":1,"friends_count":3,"listed_count":0,"created_at":"Sun Mar 27 16:35:28 +0000 2016","favourites_count":0,"utc_offset":null,"time_zone":null,"geo_enabled":false,"verified":false,"statuses_count":2,"lang":"vi","contributors_enabled":false,"is_translator":false,"is_translation_enabled":false,"profile_background_color":"F5F8FA","profile_background_image_url":null,"profile_background_image_url_https":null,"profile_background_tile":false,"profile_image_url":"http:\/\/abs.twimg.com\/sticky\/default_profile_images\/default_profile_4_normal.png","profile_image_url_https":"https:\/\/abs.twimg.com\/sticky\/default_profile_images\/default_profile_4_normal.png","profile_link_color":"2B7BB9","profile_sidebar_border_color":"C0DEED","profile_sidebar_fill_color":"DDEEF6","profile_text_color":"333333","profile_use_background_image":true,"has_extended_profile":false,"default_profile":true,"default_profile_image":true,"following":false,"follow_request_sent":false,"notifications":false},"geo":null,"coordinates":null,"place":null,"contributors":null,"is_quote_status":false,"retweet_count":0,"favorite_count":0,"favorited":false,"retweeted":false,"possibly_sensitive":false,"lang":"und"}]