[{"created_at":"Fri Nov 08 21:09:02 +0000 2019","id":1192911932375912450,"id_str":"1192911932375912450","text":"When you see it \ud83d\udc40 https:\/\/t.co\/gPXBRWA2ST","truncated":false,"entities":{"hashtags":[],"symbols":[],"user_mentions":[],"urls":[],"media":[{"id":1192911928399671296,"id_str":"1192911928399671296","indices":[18,41],"media_url":"http:\/\/pbs.twimg.com\/media\/EI4TFByWsAA7KnG.jpg","media_url_https":"https:\/\/pbs.twimg.com\/media\/EI4TFByWsAA7KnG.jpg","url":"https:\/\/t.co\/gPXBRWA2ST","display_url":"pic.twitter.com\/gPXBRWA2ST","expanded_url":"https:\/\/twitter.com\/envato\/status\/1192911932375912450\/photo\/1","type":"photo","sizes":{"thumb":{"w":150,"h":150,"resize":"crop"},"medium":{"w":1200,"h":1200,"resize":"fit"},"large":{"w":1200,"h":1200,"resize":"fit"},"small":{"w":680,"h":680,"resize":"fit"}},"features":{"medium":{"faces":[{"x":823,"y":253,"h":45,"w":45}]},"large":{"faces":[{"x":823,"y":253,"h":45,"w":45}]},"small":{"faces":[{"x":466,"y":143,"h":25,"w":25}]},"orig":{"faces":[{"x":823,"y":253,"h":45,"w":45}]}}}]},"extended_entities":{"media":[{"id":1192911928399671296,"id_str":"1192911928399671296","indices":[18,41],"media_url":"http:\/\/pbs.twimg.com\/media\/EI4TFByWsAA7KnG.jpg","media_url_https":"https:\/\/pbs.twimg.com\/media\/EI4TFByWsAA7KnG.jpg","url":"https:\/\/t.co\/gPXBRWA2ST","display_url":"pic.twitter.com\/gPXBRWA2ST","expanded_url":"https:\/\/twitter.com\/envato\/status\/1192911932375912450\/photo\/1","type":"photo","sizes":{"thumb":{"w":150,"h":150,"resize":"crop"},"medium":{"w":1200,"h":1200,"resize":"fit"},"large":{"w":1200,"h":1200,"resize":"fit"},"small":{"w":680,"h":680,"resize":"fit"}},"features":{"medium":{"faces":[{"x":823,"y":253,"h":45,"w":45}]},"large":{"faces":[{"x":823,"y":253,"h":45,"w":45}]},"small":{"faces":[{"x":466,"y":143,"h":25,"w":25}]},"orig":{"faces":[{"x":823,"y":253,"h":45,"w":45}]}}}]},"source":"\u003ca href=\"http:\/\/www.falcon.io\" rel=\"nofollow\"\u003eFalcon Social Media Management \u003c\/a\u003e","in_reply_to_status_id":null,"in_reply_to_status_id_str":null,"in_reply_to_user_id":null,"in_reply_to_user_id_str":null,"in_reply_to_screen_name":null,"user":{"id":16582191,"id_str":"16582191","name":"Envato","screen_name":"envato","location":"Melbourne, Victoria","description":"A creative ecosystem of sites and services for digital assets and creative people. Got a support query for us? Tweet at @envato_help to chat to our Help team.","url":"http:\/\/t.co\/5OvUThFPYI","entities":{"url":{"urls":[{"url":"http:\/\/t.co\/5OvUThFPYI","expanded_url":"http:\/\/envato.com","display_url":"envato.com","indices":[0,22]}]},"description":{"urls":[]}},"protected":false,"followers_count":66978,"friends_count":1513,"listed_count":2098,"created_at":"Fri Oct 03 19:11:51 +0000 2008","favourites_count":916,"utc_offset":null,"time_zone":null,"geo_enabled":false,"verified":true,"statuses_count":9943,"lang":null,"contributors_enabled":false,"is_translator":false,"is_translation_enabled":false,"profile_background_color":"323435","profile_background_image_url":"http:\/\/abs.twimg.com\/images\/themes\/theme1\/bg.png","profile_background_image_url_https":"https:\/\/abs.twimg.com\/images\/themes\/theme1\/bg.png","profile_background_tile":false,"profile_image_url":"http:\/\/pbs.twimg.com\/profile_images\/1115747006603907073\/RQeWXP1I_normal.png","profile_image_url_https":"https:\/\/pbs.twimg.com\/profile_images\/1115747006603907073\/RQeWXP1I_normal.png","profile_banner_url":"https:\/\/pbs.twimg.com\/profile_banners\/16582191\/1555307386","profile_link_color":"83B449","profile_sidebar_border_color":"FFFFFF","profile_sidebar_fill_color":"6C9450","profile_text_color":"242424","profile_use_background_image":true,"has_extended_profile":false,"default_profile":false,"default_profile_image":false,"can_media_tag":false,"followed_by":false,"following":false,"follow_request_sent":false,"notifications":false,"translator_type":"regular"},"geo":null,"coordinates":null,"place":null,"contributors":null,"is_quote_status":false,"retweet_count":0,"favorite_count":4,"favorited":false,"retweeted":false,"possibly_sensitive":false,"lang":"en"},{"created_at":"Thu Nov 07 10:33:02 +0000 2019","id":1192389488342900736,"id_str":"1192389488342900736","text":"It's going to be one of those days when you know your productivity is going to be 0. https:\/\/t.co\/auHSL9PYEQ","truncated":false,"entities":{"hashtags":[],"symbols":[],"user_mentions":[],"urls":[],"media":[{"id":1192389484945592320,"id_str":"1192389484945592320","indices":[85,108],"media_url":"http:\/\/pbs.twimg.com\/media\/EIw360QX0AA7Amn.png","media_url_https":"https:\/\/pbs.twimg.com\/media\/EIw360QX0AA7Amn.png","url":"https:\/\/t.co\/auHSL9PYEQ","display_url":"pic.twitter.com\/auHSL9PYEQ","expanded_url":"https:\/\/twitter.com\/envato\/status\/1192389488342900736\/photo\/1","type":"photo","sizes":{"medium":{"w":1200,"h":1200,"resize":"fit"},"small":{"w":680,"h":680,"resize":"fit"},"large":{"w":2048,"h":2048,"resize":"fit"},"thumb":{"w":150,"h":150,"resize":"crop"}},"features":{"medium":{"faces":[]},"small":{"faces":[]},"large":{"faces":[]},"orig":{"faces":[]}}}]},"extended_entities":{"media":[{"id":1192389484945592320,"id_str":"1192389484945592320","indices":[85,108],"media_url":"http:\/\/pbs.twimg.com\/media\/EIw360QX0AA7Amn.png","media_url_https":"https:\/\/pbs.twimg.com\/media\/EIw360QX0AA7Amn.png","url":"https:\/\/t.co\/auHSL9PYEQ","display_url":"pic.twitter.com\/auHSL9PYEQ","expanded_url":"https:\/\/twitter.com\/envato\/status\/1192389488342900736\/photo\/1","type":"photo","sizes":{"medium":{"w":1200,"h":1200,"resize":"fit"},"small":{"w":680,"h":680,"resize":"fit"},"large":{"w":2048,"h":2048,"resize":"fit"},"thumb":{"w":150,"h":150,"resize":"crop"}},"features":{"medium":{"faces":[]},"small":{"faces":[]},"large":{"faces":[]},"orig":{"faces":[]}}}]},"source":"\u003ca href=\"http:\/\/www.falcon.io\" rel=\"nofollow\"\u003eFalcon Social Media Management \u003c\/a\u003e","in_reply_to_status_id":null,"in_reply_to_status_id_str":null,"in_reply_to_user_id":null,"in_reply_to_user_id_str":null,"in_reply_to_screen_name":null,"user":{"id":16582191,"id_str":"16582191","name":"Envato","screen_name":"envato","location":"Melbourne, Victoria","description":"A creative ecosystem of sites and services for digital assets and creative people. Got a support query for us? Tweet at @envato_help to chat to our Help team.","url":"http:\/\/t.co\/5OvUThFPYI","entities":{"url":{"urls":[{"url":"http:\/\/t.co\/5OvUThFPYI","expanded_url":"http:\/\/envato.com","display_url":"envato.com","indices":[0,22]}]},"description":{"urls":[]}},"protected":false,"followers_count":66978,"friends_count":1513,"listed_count":2098,"created_at":"Fri Oct 03 19:11:51 +0000 2008","favourites_count":916,"utc_offset":null,"time_zone":null,"geo_enabled":false,"verified":true,"statuses_count":9943,"lang":null,"contributors_enabled":false,"is_translator":false,"is_translation_enabled":false,"profile_background_color":"323435","profile_background_image_url":"http:\/\/abs.twimg.com\/images\/themes\/theme1\/bg.png","profile_background_image_url_https":"https:\/\/abs.twimg.com\/images\/themes\/theme1\/bg.png","profile_background_tile":false,"profile_image_url":"http:\/\/pbs.twimg.com\/profile_images\/1115747006603907073\/RQeWXP1I_normal.png","profile_image_url_https":"https:\/\/pbs.twimg.com\/profile_images\/1115747006603907073\/RQeWXP1I_normal.png","profile_banner_url":"https:\/\/pbs.twimg.com\/profile_banners\/16582191\/1555307386","profile_link_color":"83B449","profile_sidebar_border_color":"FFFFFF","profile_sidebar_fill_color":"6C9450","profile_text_color":"242424","profile_use_background_image":true,"has_extended_profile":false,"default_profile":false,"default_profile_image":false,"can_media_tag":false,"followed_by":false,"following":false,"follow_request_sent":false,"notifications":false,"translator_type":"regular"},"geo":null,"coordinates":null,"place":null,"contributors":null,"is_quote_status":false,"retweet_count":1,"favorite_count":10,"favorited":false,"retweeted":false,"possibly_sensitive":false,"lang":"en"}]